Date,DatasetName,Updates
10/26/23,PlayerStats,5
10/26/23,TeamRankings,3
10/26/23,PlayerStats,2
10/26/23,MatchResults,7
10/26/23,TeamRankings,4
10/26/23,PlayerStats,6
10/27/23,MatchResults,3
10/27/23,UserActivity,2
10/27/23,PlayerStats,8
10/27/23,TeamRankings,5
10/28/23,MatchResults,4
10/28/23,UserActivity,1
10/29/23,PlayerStats,3
10/29/23,TeamRankings,6
10/29/23,MatchResults,9
10/29/23,UserActivity,3
10/30/23,PlayerStats,1
10/30/23,TeamRankings,2
10/30/23,MatchResults,5
10/30/23,UserActivity,4